id,name,department,position,salary
1,Ada Okafor,Engineering,Software Engineer,85000
2,Chinedu Eze,Marketing,Marketing Manager,72000
3,Fatima Bello,Engineering,Data Engineer,90000
4,David Johnson,Sales,Sales Representative,65000
5,Grace Williams,Engineering,Backend Developer,88000
6,Michael Brown,Human Resources,HR Specialist,62000
7,Sarah Smith,Engineering,DevOps Engineer,95000
8,Daniel Okoro,Finance,Financial Analyst,75000
9,Amaka Obi,Engineering,Frontend Developer,82000
10,James Wilson,Sales,Sales Manager,78000
